Independent_Variable,Dependent_Variable,Correlation,P_Value,Sample_Size
Age_x,Right-Hippocampus,-0.5415837331587132,1.1930494719882953e-30,384
Age_x,Left-Hippocampus,-0.5255291713023978,1.1924721106769791e-28,384
Age_x,Left-Amygdala,-0.4919329473882377,8.556167045871277e-25,384
Age_x,Right-Accumbens-area,-0.4602140510524819,1.5901167857522827e-21,384
Animals_raw_x,middletemporal,0.48095084157695495,8.537195027376388e-21,335
Age_x,Left-Inf-Lat-Vent,0.4395517575457918,1.4279291127466689e-19,384
Age_x,Right-Amygdala,-0.432556098920604,6.115079356780375e-19,384
Age_x,Left-Accumbens-area,-0.4245023700601228,3.131301561155576e-18,384
Age_x,parahippocampal_rh,-0.4181844219730767,1.094013347369408e-17,384
Age_x,Right-Inf-Lat-Vent,0.41316035927606976,2.903713292662427e-17,384
Age_x,WM-hypointensities,0.4123948261771574,3.364545623538508e-17,384
Animals_T_x,middletemporal,0.42053129909198184,1.732244018257354e-15,328
Age_x,Left-VentralDC,-0.382109602321586,8.506587627528614e-15,384
Animals_raw_x,inferiortemporal_rh,0.40439682945336963,1.3019273147423367e-14,335
Age_x,entorhinal_rh,-0.3794056191311084,1.356760443239367e-14,384
Age_x,Left-Thalamus-Proper,-0.3788767303914386,1.485731720065796e-14,384
Animals_raw_x,Left-Amygdala,0.4004161449583349,2.4840388404858103e-14,335
Animals_raw_x,middletemporal_rh,0.3999667983499237,2.6705123671610955e-14,335
Animals_raw_x,inferiortemporal,0.3993564018977326,2.945925339564377e-14,335
BNT_totalwstim_raw_x,superiortemporal,0.3979337574771414,3.105299122826407e-14,337
Age_x,Right-Thalamus-Proper,-0.37374652015339244,3.554513002924379e-14,384
Animals_raw_x,Right-Accumbens-area,0.3957860601597455,5.2096505612341506e-14,335
BNT_totalwstim_raw_x,middletemporal,0.3881069567047559,1.4694159653213734e-13,337
Age_x,parahippocampal,-0.36488738460234404,1.5465814372756857e-13,384
BNT_totalwstim_raw_x,fusiform,0.3872247179393562,1.6852206667041774e-13,337
Animals_raw_x,Right-Hippocampus,0.38514406999992046,2.737111959386911e-13,335
Age_x,middletemporal_rh,-0.36054021680264503,3.13044567410177e-13,384
Animals_raw_x,superiortemporal,0.3836324630666792,3.4477503487072906e-13,335
Age_x,Right-Putamen,-0.3595616186531113,3.663562056700861e-13,384
Animals_raw_x,fusiform,0.38259659155258785,4.035828752768992e-13,335
Age_x,Right-VentralDC,-0.35250391791646196,1.1209293039877309e-12,384
Age_x,Right-choroid-plexus,0.3511936148231266,1.3753853350660683e-12,384
Animals_raw_x,bankssts,0.37385094188758006,1.4922360044783195e-12,335
Animals_raw_x,Right-Amygdala,0.37258815620744123,1.796546790214981e-12,335
Age_x,superiortemporal_rh,-0.34702041928795135,2.6221570259881724e-12,384
Animals_raw_x,inferiorparietal_rh,0.36966179261579163,2.7534677235362343e-12,335
Age_x,superiortemporal,-0.34457363607101643,3.811011173015116e-12,384
Age_x,3rd-Ventricle,0.3445715932430006,3.812195849739242e-12,384
BNT_totalwstim_raw_x,entorhinal,0.3654785923407913,4.347209130342914e-12,337
Age_x,Left-Lateral-Ventricle,0.34194489382551885,5.674467598947484e-12,384
Age_x,middletemporal,-0.33928820730834963,8.452840398801188e-12,384
Animals_T_x,middletemporal_rh,0.36485317432927117,9.165095960723778e-12,328
Age_x,fusiform_rh,-0.3370136304143576,1.1854408042419434e-11,384
Animals_raw_x,lateralorbitofrontal,0.35834426894776983,1.379218199003548e-11,335
Age_x,inferiortemporal,-0.33511913189268155,1.5678288806438272e-11,384
Animals_raw_x,Left-Hippocampus,0.3567594010754256,1.7196542737442793e-11,335
Animals_T_x,Right-Accumbens-area,0.35847376980643275,2.2145543608711758e-11,328
BNT_totalwstim_raw_x,insula_rh,0.35352636372761054,2.3442874851655714e-11,337
Age_x,Left-Putamen,-0.33214736963287317,2.4215431179036924e-11,384
Age_x,Right-Lateral-Ventricle,0.3314223720864,2.690561730214235e-11,384
FAS_total_raw_x,superiortemporal,0.35160417547303224,3.0539976474253475e-11,337
Age_x,bankssts_rh,-0.3274013367804892,4.801869824980148e-11,384
Animals_raw_x,parsopercularis,0.34905519360584386,4.9392284067642556e-11,335
Age_x,inferiortemporal_rh,-0.3270879404951622,5.021839521452342e-11,384
FAS_total_raw_x,precentral,0.3458734988538598,6.648314110270446e-11,337
Animals_raw_x,caudalmiddlefrontal,0.3456527080543892,7.800042875371827e-11,335
BNT_totalwstim_T_x,middletemporal,0.34568151233547467,1.0080448377060491e-10,331
Animals_raw_x,bankssts_rh,0.3433843210427519,1.0545539399752763e-10,335
Animals_T_x,inferiortemporal,0.3467046743782549,1.0717318951013456e-10,328
BNT_totalwstim_raw_x,lateralorbitofrontal,0.3422895803854837,1.0728397754170501e-10,337
BNT_totalwstim_raw_x,entorhinal_rh,0.3416034208012584,1.1749578301454717e-10,337
BNT_totalwstim_raw_x,inferiortemporal,0.3411312104663483,1.250665517963651e-10,337
BNT_totalwstim_T_x,superiortemporal,0.3436779811052084,1.3117860885887433e-10,331
Animals_raw_x,caudalmiddlefrontal_rh,0.34125747618804125,1.396085418476142e-10,335
BNT_totalwstim_raw_x,parahippocampal,0.33796506452538577,1.8958107296187276e-10,337
Animals_raw_x,Right-Thalamus-Proper,0.3367127264032614,2.524596134465788e-10,335
Animals_raw_x,Left-Thalamus-Proper,0.336459709227334,2.608510606101362e-10,335
Animals_raw_x,entorhinal_rh,0.33520946380970373,3.0646017141096036e-10,335
Age_x,entorhinal,-0.3139854838113366,3.121648387120202e-10,384
Animals_T_x,caudalmiddlefrontal,0.33747970864143795,3.5259491129251595e-10,328
Animals_raw_x,superiorfrontal,0.3335273661833645,3.8021820587873705e-10,335
Animals_T_x,inferiorparietal_rh,0.33464937079772755,5.041617881585153e-10,328
Animals_raw_x,fusiform_rh,0.32959841585942456,6.260288902135223e-10,335
BNT_totalwstim_raw_x,superiortemporal_rh,0.3281760089518833,6.660552622403963e-10,337
BNT_totalwstim_raw_x,Left-Amygdala,0.3276919010526752,7.079457705118843e-10,337
Age_x,precentral_rh,-0.30753723313100484,7.429235205125472e-10,384
Animals_raw_x,inferiorparietal,0.3266463904225028,9.063426119085418e-10,335
BNT_totalwstim_raw_x,medialorbitofrontal_rh,0.32495625369835757,9.972801445904563e-10,337
BNT_totalwstim_raw_x,Left-Hippocampus,0.324541765370728,1.0501125554558517e-09,337
Animals_raw_x,Left-Accumbens-area,0.32458101790686245,1.1713923664144351e-09,335
BNT_totalwstim_raw_x,Right-Hippocampus,0.32260309362658585,1.335501170806432e-09,337
FAS_total_raw_x,middletemporal,0.3225461866150027,1.3449243686420345e-09,337
BNT_totalwstim_raw_x,lateraloccipital,0.3218146799355076,1.4719509883213235e-09,337
Animals_raw_x,superiortemporal_rh,0.3226837786382931,1.4801490008962374e-09,335
BNT_totalwstim_raw_x,inferiortemporal_rh,0.32164730665675645,1.5026116648151364e-09,337
BNT_totalwstim_raw_x,parahippocampal_rh,0.3215202760045466,1.5262947867486751e-09,337
Animals_T_x,Right-Amygdala,0.3253807878382082,1.585479622178724e-09,328
Animals_raw_x,precentral,0.3219756336321795,1.6145385235769243e-09,335
Age_x,fusiform,-0.3008683464233889,1.7818647802606747e-09,384
Animals_T_x,Left-Amygdala,0.3239338181503233,1.8894818864287713e-09,328
FAS_total_raw_x,Right-Thalamus-Proper,0.3197170589845263,1.904172052769059e-09,337
Animals_raw_x,parahippocampal_rh,0.32051862238318063,1.9292886380894587e-09,335
BNT_totalwstim_raw_x,fusiform_rh,0.3192103096040539,2.0257657600796156e-09,337
Animals_T_x,inferiortemporal_rh,0.3226015349253441,2.218868951864856e-09,328
Animals_T_x,parsopercularis,0.3225687606057675,2.2276357977390514e-09,328
Age_x,Left-choroid-plexus,0.29877227256155686,2.3351343243752533e-09,384
BNT_totalwstim_raw_x,middletemporal_rh,0.31763773671705364,2.452988040680883e-09,337
Age_x,medialorbitofrontal,-0.2979977117577217,2.5791139979453833e-09,384
BNT_totalwstim_T_x,fusiform,0.3185898171400438,3.038209623860171e-09,331
Animals_raw_x,precentral_rh,0.3152943287536537,3.625401004151812e-09,335
BNT_totalwstim_raw_x,Left-VentralDC,0.31276952873856895,4.4047940153080535e-09,337
FAS_total_T_x,precentral,0.31507430363098105,4.614079810343371e-09,331
Animals_raw_x,rostralmiddlefrontal,0.31237500989154254,5.130428867679023e-09,335
BNT_totalwstim_raw_x,insula,0.31090092458282625,5.499141972764353e-09,337
FAS_total_T_x,superiortemporal,0.31326427621516184,5.709534635552988e-09,331
Animals_raw_x,entorhinal,0.3113361905822791,5.799899852379921e-09,335
Age_x,lateraloccipital_rh,-0.29125978509572,6.046863399653817e-09,384
Animals_T_x,Right-Hippocampus,0.3135453626501209,6.480039561095565e-09,328
Animals_T_x,fusiform,0.3129114117138809,6.97558237151414e-09,328
Animals_raw_x,Left-Inf-Lat-Vent,-0.3095109689141788,7.186425529833634e-09,335
FAS_total_raw_x,lateralorbitofrontal,0.3079505952556752,7.781981974847706e-09,337
FAS_total_raw_x,precentral_rh,0.3066661894832069,9.04105624669536e-09,337
BNT_totalwstim_raw_x,lateralorbitofrontal_rh,0.30651647201013504,9.200057621998281e-09,337
Age_x,bankssts,-0.2876304617322455,9.481793422457493e-09,384
Age_x,transversetemporal_rh,-0.28678741756660503,1.0516599354205503e-08,384
FAS_total_raw_x,superiortemporal_rh,0.3050831796919251,1.0865717098434604e-08,337
Animals_raw_x,superiorfrontal_rh,0.3056501302839568,1.1255018637211866e-08,335
BNT_totalwstim_T_x,precuneus,0.30670310518644983,1.2211905023535308e-08,331
Age_x,lateralorbitofrontal,-0.28550502791151977,1.2303234750460507e-08,384
BNT_totalwstim_raw_x,transversetemporal,0.30337248232116054,1.3237439884719017e-08,337
FAS_total_raw_x,transversetemporal,0.302076263070017,1.536054859902009e-08,337
Animals_T_x,superiortemporal,0.3050783348123798,1.7093369213630532e-08,328
BNT_totalwstim_T_x,entorhinal,0.30297827055023474,1.8648754080445907e-08,331
BNT_totalwstim_raw_x,precuneus,0.2990390678344045,2.1704075883438312e-08,337
BNT_totalwstim_raw_x,lateraloccipital_rh,0.2989210331551565,2.199586684652154e-08,337
FAS_total_raw_x,Left-VentralDC,0.29885831640144944,2.2152446104763777e-08,337
FAS_total_raw_x,postcentral,0.2985565478098222,2.2921027650881623e-08,337
Animals_raw_x,Right-Inf-Lat-Vent,-0.2991762365342866,2.3536991153266897e-08,335
Age_x,precentral,-0.27983155290967504,2.4400674630000544e-08,384
Animals_raw_x,parahippocampal,0.2984731904816821,2.5472694886565885e-08,335
FAS_total_raw_x,caudalmiddlefrontal,0.2969502919841229,2.746575007969309e-08,337
Animals_raw_x,posteriorcingulate,0.2966844477855237,3.111650904112777e-08,335
Age_x,inferiorparietal,-0.2772471350310081,3.316391145140318e-08,384
BNT_totalwstim_raw_x,Left-Thalamus-Proper,0.2945960231644382,3.5732546357100416e-08,337
Animals_T_x,lateralorbitofrontal,0.29818428059384117,3.6817462384866916e-08,328
FAS_total_raw_x,inferiortemporal_rh,0.29352780398776424,4.0232259780652635e-08,337
Animals_raw_x,isthmuscingulate,0.29433345449935533,4.0394916268246035e-08,335
Animals_T_x,bankssts,0.29722038481322943,4.092167139571928e-08,328
BNT_totalwstim_raw_x,Right-Thalamus-Proper,0.2927312825314702,4.393857435299321e-08,337
Animals_raw_x,lateraloccipital,0.29346564250404067,4.445333882414542e-08,335
Animals_raw_x,Left-Putamen,0.2927716299687781,4.7979476778189056e-08,335
Animals_raw_x,Right-Putamen,0.29244145665938415,4.975032831199777e-08,335
Age_x,inferiorparietal_rh,-0.27291141391164364,5.510156215130067e-08,384
FAS_total_raw_x,rostralmiddlefrontal,0.2903171559454494,5.72961758968596e-08,337
FAS_total_raw_x,superiorfrontal,0.2901881882327071,5.811040830055627e-08,337
Age_x,transversetemporal,-0.2711326527265079,6.768896662165369e-08,384
Age_x,lingual_rh,-0.27100073052087625,6.872571791396062e-08,384
BNT_totalwstim_T_x,middletemporal_rh,0.29096889579915236,7.015607718707108e-08,331
Animals_T_x,Left-Hippocampus,0.29199224382547917,7.21082349864183e-08,328
BNT_totalwstim_raw_x,temporalpole,0.2878529300918932,7.49363816279476e-08,337
Animals_T_x,Right-Thalamus-Proper,0.29154261063698217,7.566838523857353e-08,328
BNT_totalwstim_raw_x,Right-Amygdala,0.2874629461191028,7.816970294861042e-08,337
Animals_T_x,rostralmiddlefrontal,0.2907745393915466,8.214534818868387e-08,328
BNT_totalwstim_T_x,medialorbitofrontal_rh,0.28936522332271636,8.335220650658818e-08,331
FAS_total_raw_x,inferiortemporal,0.28642015745751437,8.748974197821337e-08,337
Age_x,postcentral_rh,-0.26840432632467326,9.253956243780083e-08,384
Age_x,superiorfrontal,-0.2682249462815679,9.44504232762899e-08,384
Animals_raw_x,supramarginal,0.28605908810277825,9.93458103383712e-08,335
FAS_total_raw_x,Left-Thalamus-Proper,0.28514741409849464,1.0032161888313081e-07,337
Animals_T_x,Left-Thalamus-Proper,0.28877883261951975,1.0157073090877146e-07,328
Animals_T_x,Left-Putamen,0.28874964195385877,1.0188533474249852e-07,328
Animals_raw_x,precuneus,0.28558602478939343,1.0450015208248016e-07,335
FAS_total_raw_x,medialorbitofrontal,0.28473182118536977,1.048911712477567e-07,337
Age_x,precuneus_rh,-0.2659338794443562,1.224633014386562e-07,384
Age_x,postcentral,-0.2657013489541016,1.2571751976051742e-07,384
FAS_total_raw_x,Right-Putamen,0.28204866531288686,1.3959688300037145e-07,337
Animals_T_x,caudalmiddlefrontal_rh,0.28575751796122356,1.3963006046794604e-07,328
Animals_raw_x,insula_rh,0.2826962202778637,1.4204661675922346e-07,335
FAS_total_raw_x,superiorfrontal_rh,0.2817290130688109,1.4440344674116908e-07,337
Animals_raw_x,precuneus_rh,0.2821229488739647,1.5090318374257561e-07,335
FAS_total_T_x,Right-Putamen,0.28349735469433157,1.5518992609872574e-07,331
Animals_T_x,Left-Accumbens-area,0.28446918689913714,1.597427950918732e-07,328
Age_x,Left-Cerebellum-White-Matter,-0.2635135613650029,1.6070449856109176e-07,384
Animals_T_x,bankssts_rh,0.2844030790279544,1.6084671678130863e-07,328
Age_x,Brain-Stem,-0.263410906985842,1.6255782235308175e-07,384
FAS_total_raw_x,middletemporal_rh,0.279969574669479,1.7384791639298212e-07,337
Animals_raw_x,medialorbitofrontal_rh,0.2807660744123534,1.7403458579065723e-07,335
BNT_totalwstim_raw_x,Right-Accumbens-area,0.2797903982850622,1.771517434779984e-07,337
Age_x,parsopercularis,-0.26182438782446127,1.9395623188619928e-07,384
BNT_totalwstim_raw_x,parstriangularis_rh,0.2787190665610219,1.982031098548324e-07,337
BNT_totalwstim_raw_x,superiorfrontal_rh,0.2786299663779182,2.0005842370355764e-07,337
FAS_total_T_x,Right-Thalamus-Proper,0.28083630657671016,2.0476598719818678e-07,331
Animals_raw_x,parsopercularis_rh,0.2790412733774402,2.08396759405258e-07,335
FAS_total_T_x,caudalmiddlefrontal,0.2800170305858475,2.2288026106262945e-07,331
BNT_totalwstim_raw_x,rostralanteriorcingulate,0.2775273848304054,2.244457011646743e-07,337
FAS_total_T_x,Left-VentralDC,0.2794205673943425,2.370274886716352e-07,331
FAS_total_raw_x,fusiform,0.2768412112466736,2.410402419083906e-07,337
FAS_total_T_x,middletemporal,0.27912694334484534,2.443052032158604e-07,331
BNT_totalwstim_T_x,lateralorbitofrontal,0.2790454166879343,2.4636372297404664e-07,331
Animals_T_x,Right-Putamen,0.27957235236523736,2.647799827834145e-07,328
Age_x,lateraloccipital,-0.25879716206970094,2.708053767082991e-07,384
Animals_T_x,fusiform_rh,0.2788198616643549,2.8591488687515506e-07,328
Animals_T_x,Left-Inf-Lat-Vent,-0.2785683470897432,2.9333387913147945e-07,328
BNT_totalwstim_raw_x,precuneus_rh,0.2748621648904288,2.95777053525606e-07,337
BNT_totalwstim_T_x,inferiortemporal,0.2768491550417459,3.0853417609114215e-07,331
FAS_total_raw_x,bankssts,0.27373509238262395,3.320982284627624e-07,337
Animals_T_x,Right-Inf-Lat-Vent,-0.276962919322517,3.452361233929348e-07,328
BNT_totalwstim_T_x,insula,0.2756035089278073,3.5023004178766226e-07,331
FAS_total_raw_x,lateralorbitofrontal_rh,0.27183079970272794,4.034065942616242e-07,337
BNT_totalwstim_T_x,supramarginal,0.2739104747533021,4.1566095460601377e-07,331
BNT_totalwstim_T_x,Left-Amygdala,0.27343764165014084,4.359375042250095e-07,331
FAS_total_raw_x,Right-Accumbens-area,0.27087833196461614,4.443794892876721e-07,337
Age_x,posteriorcingulate_rh,-0.2541678050900436,4.4752784373563625e-07,384
FAS_total_T_x,Left-Caudate,0.2723502382644807,4.86235541683461e-07,331
Animals_raw_x,rostralmiddlefrontal_rh,0.270698756491523,4.896914351775013e-07,335
Animals_raw_x,postcentral_rh,0.2703510199373764,5.071318205195965e-07,335
Animals_raw_x,medialorbitofrontal,0.2703389662869649,5.077469267857827e-07,335
FAS_total_raw_x,caudalmiddlefrontal_rh,0.26952928960297573,5.093099400236249e-07,337
FAS_total_raw_x,parsopercularis,0.2690740084062033,5.33209854393014e-07,337
FAS_total_raw_x,rostralanteriorcingulate,0.26879809606024074,5.482138367408973e-07,337
Animals_T_x,inferiorparietal,0.27207475865595104,5.633613741156828e-07,328
FAS_total_raw_x,rostralmiddlefrontal_rh,0.26797180785846875,5.956098907809738e-07,337
FAS_total_raw_x,Right-VentralDC,0.26790633591869495,5.99529013227067e-07,337
BNT_totalwstim_raw_x,Left-Accumbens-area,0.2678570294965778,6.024967973857273e-07,337
FAS_total_T_x,Left-Putamen,0.2701314587068392,6.06695078472821e-07,331
FAS_total_T_x,postcentral,0.26946293700454294,6.482835984552571e-07,331
BNT_totalwstim_raw_x,temporalpole_rh,0.2667025901603492,6.761511395005103e-07,337
FAS_total_T_x,precentral_rh,0.2686794765090856,7.005056559930313e-07,331
BNT_totalwstim_T_x,parahippocampal,0.2680392366105485,7.461542004582736e-07,331
Animals_T_x,superiorfrontal_rh,0.2688468178947845,7.743959132601044e-07,328
BNT_totalwstim_raw_x,caudalmiddlefrontal,0.2650481918975355,7.96924340425265e-07,337
Age_x,Right-Cerebellum-White-Matter,-0.2484283751239585,8.231073616342796e-07,384
BNT_totalwstim_raw_x,superiorfrontal,0.2643889650144943,8.505963620363978e-07,337
BNT_totalwstim_raw_x,supramarginal,0.2643362742568658,8.550326881636201e-07,337
Age_x,isthmuscingulate_rh,-0.24788092225052377,8.716922086028588e-07,384
BNT_totalwstim_T_x,insula_rh,0.266315586132048,8.836664220199234e-07,331
FAS_total_T_x,superiortemporal_rh,0.2658680806097409,9.231593570610178e-07,331
BNT_totalwstim_T_x,caudalmiddlefrontal,0.26572296385179284,9.363253679138931e-07,331
Animals_T_x,isthmuscingulate,0.2664145051278316,9.81521443686437e-07,328
Age_x,parstriangularis,-0.2465309889115463,1.0035304556614167e-06,384
Animals_raw_x,Left-VentralDC,0.2633345110492712,1.0168688733931495e-06,335
BNT_totalwstim_T_x,superiortemporal_rh,0.26469276013014464,1.0351019597099422e-06,331
BNT_totalwstim_raw_x,rostralmiddlefrontal,0.2618250601845046,1.0941898448524066e-06,337
BNT_totalwstim_raw_x,Right-VentralDC,0.261743699855802,1.1029213043746364e-06,337
Animals_raw_x,parstriangularis,0.2624637956233349,1.1070354312261602e-06,335
Animals_raw_x,lateralorbitofrontal_rh,0.26218047934900746,1.1379907140748268e-06,335
FAS_total_T_x,lateralorbitofrontal,0.26369125257020215,1.140647398158198e-06,331
BNT_totalwstim_raw_x,medialorbitofrontal,0.26131842663613836,1.149658076522459e-06,337
FAS_total_raw_x,medialorbitofrontal_rh,0.2610355870253843,1.1817857338191932e-06,337
Animals_T_x,superiorfrontal,0.2640045175460604,1.238498117515973e-06,328
FAS_total_raw_x,bankssts_rh,0.26016672660932827,1.2859462514287073e-06,337
Age_x,rostralmiddlefrontal,-0.24409336346513413,1.291484001599019e-06,384
BNT_totalwstim_T_x,parahippocampal_rh,0.2623946621938299,1.2926729218735362e-06,331
Animals_T_x,superiortemporal_rh,0.26315943092596394,1.3430013060150196e-06,328
Age_x,posteriorcingulate,-0.24356839904165,1.3631173495631374e-06,384
FAS_total_raw_x,inferiorparietal,0.25944979564894877,1.3784582598032288e-06,337
Animals_T_x,parsopercularis_rh,0.26262947728880437,1.4127868165010027e-06,328
Age_x,parsopercularis_rh,-0.24300442683119744,1.4443096575506661e-06,384
Animals_T_x,entorhinal_rh,0.26239267843666003,1.4450789433377733e-06,328
FAS_total_T_x,rostralmiddlefrontal,0.2612169019167512,1.447427040430983e-06,331
FAS_total_raw_x,Left-Putamen,0.2587625270699673,1.473100890999107e-06,337
FAS_total_raw_x,transversetemporal_rh,0.25855539246272585,1.5028240824776825e-06,337
FAS_total_raw_x,postcentral_rh,0.258530916793147,1.5063739530520967e-06,337
BNT_totalwstim_raw_x,bankssts,0.2580405990851936,1.5792019454941537e-06,337
FAS_total_raw_x,posteriorcingulate,0.2579455954784091,1.5936974276414171e-06,337
Age_x,parstriangularis_rh,-0.24182934333778627,1.628613418342784e-06,384
BNT_totalwstim_T_x,lateralorbitofrontal_rh,0.25965920960179406,1.6795107614886933e-06,331
Animals_T_x,medialorbitofrontal_rh,0.2606168458761744,1.7107811101337858e-06,328
FAS_total_T_x,bankssts,0.2589228362796183,1.8012374138247427e-06,331
FAS_total_T_x,superiorfrontal,0.2586109524165898,1.8552984488353322e-06,331
BNT_totalwstim_T_x,Right-Thalamus-Proper,0.2580573431490131,1.955103394708697e-06,331
BNT_totalwstim_raw_x,transversetemporal_rh,0.25541895530491576,2.0294078366249515e-06,337
Animals_T_x,precuneus,0.2580901605143858,2.1705672602239816e-06,328
FAS_total_raw_x,parstriangularis,0.2544940296796221,2.2157375793158157e-06,337
Animals_T_x,precentral,0.25776766243738936,2.2371280033822903e-06,328
FAS_total_T_x,transversetemporal,0.2565035324119112,2.263398166003433e-06,331
BNT_totalwstim_T_x,Right-Amygdala,0.25571639462417717,2.436796983866555e-06,331
Age_x,precuneus,-0.23769953689858106,2.471859956158736e-06,384
BNT_totalwstim_T_x,Left-VentralDC,0.25552587104589863,2.4806369544750153e-06,331
BNT_totalwstim_T_x,temporalpole,0.2552306179951018,2.5500676467215735e-06,331
Edu_x,lateraloccipital_rh,0.23918974307961544,2.5583354548538933e-06,378
FAS_total_raw_x,precuneus_rh,0.25276319624954335,2.6092323315250503e-06,337
Animals_T_x,rostralmiddlefrontal_rh,0.25605504788071143,2.624573291648557e-06,328
Age_x,lingual,-0.2369986720317015,2.651261116830463e-06,384
Edu_x,lateraloccipital,0.23841964333867063,2.761190688745962e-06,378
Animals_raw_x,parstriangularis_rh,0.252682653346242,2.8161908677155106e-06,335
BNT_totalwstim_raw_x,Brain-Stem,0.2519159225821142,2.825391664668604e-06,337
FAS_total_T_x,superiorfrontal_rh,0.2540060515045086,2.858361269603271e-06,331
FAS_total_T_x,medialorbitofrontal,0.2536132336610808,2.9645803415824424e-06,331
Animals_T_x,precentral_rh,0.25425218026691665,3.1013540660523823e-06,328
BNT_totalwstim_raw_x,superiorparietal_rh,0.2502032891026009,3.31568852385574e-06,337
BNT_totalwstim_raw_x,parsorbitalis_rh,0.24988976662688267,3.4138279080907717e-06,337
BNT_totalwstim_T_x,inferiortemporal_rh,0.25193128312935037,3.4635294042207756e-06,331
Animals_raw_x,transversetemporal,0.25019395529542743,3.5499920235107468e-06,335
Animals_T_x,supramarginal,0.25251964902138807,3.6366742738337096e-06,328
BNT_totalwstim_T_x,entorhinal_rh,0.25097098678028,3.7833473587313993e-06,331
Animals_raw_x,lateraloccipital_rh,0.24927492362660564,3.864548999102795e-06,335
Age_x,parsorbitalis,-0.23313564002665277,3.885908282445751e-06,384
Animals_raw_x,rostralanteriorcingulate,0.24882937334645575,4.026454671013648e-06,335
Animals_T_x,parahippocampal_rh,0.2513583908586315,4.043669318768023e-06,328
FAS_total_T_x,Right-VentralDC,0.25022081723634476,4.052592176832529e-06,331
BNT_totalwstim_T_x,precuneus_rh,0.25001839256161884,4.128319005507318e-06,331
Animals_T_x,entorhinal,0.2507176236629448,4.2864840605370195e-06,328
FAS_total_raw_x,Brain-Stem,0.24730527506470532,4.3354190704022195e-06,337
BNT_totalwstim_T_x,CC_Anterior,0.24930682354884678,4.4053714438992196e-06,331
Animals_T_x,posteriorcingulate,0.2503303792495592,4.43990390998072e-06,328
BNT_totalwstim_T_x,temporalpole_rh,0.24914490248948767,4.470847715056765e-06,331
FAS_total_T_x,Right-Accumbens-area,0.249067389632894,4.502519193354188e-06,331
Animals_T_x,precuneus_rh,0.24980147892206156,4.6579247575269255e-06,328
FAS_total_raw_x,parsorbitalis,0.24645600162772924,4.686937639776402e-06,337
Animals_raw_x,CC_Mid_Anterior,0.24617560390904944,5.133237548798719e-06,335
BNT_totalwstim_raw_x,lingual_rh,0.24541436826224414,5.155245839149763e-06,337
FAS_total_raw_x,supramarginal,0.24535159458649586,5.18484857593844e-06,337
Age_x,Left-Cerebellum-Cortex,-0.23014360717530935,5.20179455831219e-06,384
Animals_raw_x,supramarginal_rh,0.24596670673822407,5.231704225835329e-06,335
BNT_totalwstim_T_x,rostralanteriorcingulate,0.24718354397864983,5.341399029852635e-06,331
FAS_total_T_x,posteriorcingulate,0.2467289939186414,5.565061508502515e-06,331
Age_x,medialorbitofrontal_rh,-0.22941576820626905,5.5809644231674565e-06,384
FAS_total_raw_x,insula_rh,0.24428186770381136,5.714912809884752e-06,337
Age_x,isthmuscingulate,-0.22910312330540367,5.7518039680789025e-06,384
BNT_totalwstim_raw_x,bankssts_rh,0.2442099757866571,5.752328939855221e-06,337
Edu_x,superiorfrontal_rh,0.23080835105415737,5.78967202904722e-06,378
FAS_total_raw_x,supramarginal_rh,0.24375988245646116,5.991938739430972e-06,337
FAS_total_T_x,middletemporal_rh,0.24583718318493575,6.0300712598529e-06,331
FAS_total_raw_x,Right-Hippocampus,0.24368598357700708,6.032176927765839e-06,337
BNT_totalwstim_raw_x,inferiorparietal,0.243448253265384,6.163375282374246e-06,337
FAS_total_T_x,caudalmiddlefrontal_rh,0.24493880605681798,6.535789230908209e-06,331
Animals_raw_x,posteriorcingulate_rh,0.24343118790551538,6.579860073739356e-06,335
FAS_total_raw_x,insula,0.24272276397659437,6.580771692800175e-06,337
BNT_totalwstim_T_x,superiorfrontal_rh,0.2444677855867311,6.8168278170228836e-06,331
FAS_total_raw_x,caudalanteriorcingulate,0.24146985545589697,7.365721777443313e-06,337
Animals_T_x,medialorbitofrontal,0.24467598093559442,7.371431693501895e-06,328
FAS_total_raw_x,parsopercularis_rh,0.2414240776402464,7.3960254210788645e-06,337
FAS_total_raw_x,Left-Hippocampus,0.2414035545056629,7.409649664148153e-06,337
FAS_total_T_x,Left-Thalamus-Proper,0.2426453772511188,8.016403617641197e-06,331
BNT_totalwstim_T_x,fusiform_rh,0.2423964950807108,8.195038127790515e-06,331
BNT_totalwstim_raw_x,parstriangularis,0.24027322302356477,8.198033410598032e-06,337
Age_x,lateralorbitofrontal_rh,-0.22529843857183796,8.273510806901772e-06,384
BNT_totalwstim_T_x,rostralmiddlefrontal,0.2421778754199439,8.355070649839224e-06,331
FAS_total_raw_x,Left-Caudate,0.23994666861199593,8.440264771943638e-06,337
Animals_raw_x,isthmuscingulate_rh,0.24053482175172072,8.524026019047578e-06,335
BNT_totalwstim_T_x,Left-Thalamus-Proper,0.24191458193761015,8.551752710888763e-06,331
FAS_total_T_x,inferiortemporal_rh,0.2417897997006162,8.64649691684714e-06,331
FAS_total_T_x,lateralorbitofrontal_rh,0.24131801325801028,9.013816596337358e-06,331
Animals_raw_x,insula,0.23945030602224915,9.383881474014743e-06,335
FAS_total_raw_x,precuneus,0.23869347223576465,9.434582470258125e-06,337
BNT_totalwstim_raw_x,rostralmiddlefrontal_rh,0.23859491420339618,9.51733509266272e-06,337
Animals_raw_x,transversetemporal_rh,0.2382181651366046,1.046078904817475e-05,335
Edu_x,lingual,0.22450934882442594,1.0486658635546543e-05,378
FAS_total_raw_x,parahippocampal,0.23708524568235334,1.0874451281997082e-05,337
BNT_totalwstim_raw_x,Left-Cerebellum-White-Matter,0.23688202491400978,1.1070604843455664e-05,337
FAS_total_raw_x,posteriorcingulate_rh,0.23654260391899457,1.1405741138996684e-05,337
Edu_x,Right-Cerebellum-Cortex,0.22307377489416336,1.197873569275895e-05,378
FAS_total_raw_x,Left-Amygdala,0.23591228690527763,1.2053836583918894e-05,337
Animals_raw_x,lingual_rh,0.23605186167094575,1.2644677919472707e-05,335
BNT_totalwstim_raw_x,superiorparietal,0.23523284164637281,1.279157106990495e-05,337
BNT_totalwstim_T_x,superiorparietal_rh,0.23719545313128104,1.2919288508824872e-05,331
FAS_total_T_x,rostralmiddlefrontal_rh,0.23698524477211563,1.3156343086418266e-05,331
BNT_totalwstim_raw_x,Right-Putamen,0.23480147071878854,1.3281994530359756e-05,337
FAS_total_T_x,parsopercularis,0.2365849897313997,1.3619182094724454e-05,331
BNT_totalwstim_T_x,bankssts,0.2363906146187451,1.3849487389361235e-05,331
Animals_T_x,isthmuscingulate_rh,0.23731597488757072,1.400530657603879e-05,328
FAS_total_T_x,insula,0.23624643713154014,1.402269948842224e-05,331
BNT_totalwstim_T_x,parstriangularis_rh,0.2361054711700398,1.4194040381589723e-05,331
BNT_totalwstim_T_x,medialorbitofrontal,0.23577026280743504,1.4609495997456716e-05,331
FAS_total_T_x,Brain-Stem,0.23575958943699438,1.4622912283895608e-05,331
Edu_x,medialorbitofrontal_rh,0.22073958541434102,1.4843759366821658e-05,378
FAS_total_T_x,medialorbitofrontal_rh,0.23545289689619853,1.5013454708638565e-05,331
Animals_raw_x,parsorbitalis,0.23374887903609107,1.5438183176440074e-05,335
Age_x,rostralmiddlefrontal_rh,-0.2181779328362948,1.6066522473075768e-05,384
Age_x,superiorfrontal_rh,-0.21817548669874762,1.607012625571676e-05,384
BNT_totalwstim_T_x,Left-Accumbens-area,0.23410153639220518,1.6855253822041087e-05,331
FAS_total_T_x,inferiortemporal,0.2340145218462073,1.6980912583292164e-05,331
BNT_totalwstim_raw_x,inferiorparietal_rh,0.23183292740763467,1.7173922560731005e-05,337
Animals_T_x,parstriangularis_rh,0.23484010008647838,1.7301411504785575e-05,328
FAS_total_T_x,Right-Caudate,0.23318262304939524,1.8227971827513733e-05,331
FAS_total_raw_x,parstriangularis_rh,0.2309951860761049,1.8454489022127663e-05,337
Animals_T_x,lateraloccipital,0.23390220032256015,1.873243062140463e-05,328
Animals_T_x,insula_rh,0.23377314049985626,1.8937914438053506e-05,328
Age_x,caudalmiddlefrontal,-0.21636370930587423,1.8960926177513682e-05,384
FAS_total_raw_x,lingual_rh,0.2306375841305922,1.9028249918174946e-05,337
BNT_totalwstim_raw_x,caudalanteriorcingulate,0.2305256843386217,1.9211236751487365e-05,337
Edu_x,lateralorbitofrontal,0.21738940284834157,2.0113084592754997e-05,378
BNT_totalwstim_raw_x,precentral,0.22992386082575422,2.022434602684709e-05,337
Edu_x,rostralmiddlefrontal,0.21728005286952562,2.0311905277341994e-05,378
Age_x,CC_Mid_Anterior,-0.21545854796055075,2.0583745799914826e-05,384
Animals_T_x,parstriangularis,0.23234570762791654,2.135782572374497e-05,328
FAS_total_T_x,supramarginal,0.23107816347612897,2.1781843355332256e-05,331
Edu_x,fusiform,0.2164717853971801,2.184037411709826e-05,378
BNT_totalwstim_T_x,Left-Hippocampus,0.2308583653345578,2.2188740979079627e-05,331
FAS_total_raw_x,entorhinal,0.22876996422448317,2.231008407682889e-05,337
BNT_totalwstim_T_x,rostralmiddlefrontal_rh,0.23053812381925637,2.27944924777174e-05,331
BNT_totalwstim_raw_x,parsopercularis_rh,0.22850082855145415,2.2825065977888276e-05,337
FAS_total_raw_x,Left-Cerebellum-Cortex,0.2283649527293049,2.3089318244214183e-05,337
Animals_raw_x,rostralanteriorcingulate_rh,0.22901598316750743,2.3121435694868585e-05,335
BNT_totalwstim_raw_x,CC_Anterior,0.2275606022308611,2.4713958886303827e-05,337
BNT_totalwstim_T_x,Left-Putamen,0.229462689827343,2.4945396095648162e-05,331
FAS_total_T_x,rostralanteriorcingulate,0.22926092958251215,2.536976444616213e-05,331
BNT_totalwstim_T_x,superiorfrontal,0.22917681002568968,2.5548706966546407e-05,331
Age_x,CSF,0.21279399332180995,2.6160083974089333e-05,384
Age_x,Right-Cerebellum-Cortex,-0.21278961218457793,2.6170333125502184e-05,384
Edu_x,Left-Cerebellum-Cortex,0.21430599195754238,2.649160681951848e-05,378
Edu_x,lateralorbitofrontal_rh,0.21396705655667791,2.7299421000503577e-05,378
Edu_x,paracentral_rh,0.21387294947376811,2.752781916564689e-05,378
Animals_raw_x,postcentral,0.22680396322491575,2.7844849482911673e-05,335
BNT_totalwstim_T_x,Right-Accumbens-area,0.22773306537100824,2.881251280871085e-05,331
FAS_total_T_x,posteriorcingulate_rh,0.22682392613470936,3.106615863137123e-05,331
BNT_totalwstim_raw_x,Right-Cerebellum-Cortex,0.22422133147850906,3.268961062644676e-05,337
Animals_T_x,CC_Mid_Anterior,0.2269644987398683,3.338116438326148e-05,328
FAS_total_raw_x,entorhinal_rh,0.22374672658372233,3.4003689625136144e-05,337
Animals_raw_x,WM-hypointensities,-0.22288700988697563,3.8525512630597606e-05,335
FAS_total_T_x,fusiform,0.22381497443567883,3.9773105752881184e-05,331
FAS_total_raw_x,Right-Cerebellum-Cortex,0.2212152861990474,4.1898852709117784e-05,337
FAS_total_T_x,precuneus_rh,0.22257552408217013,4.399145706853842e-05,331
FAS_total_raw_x,Right-Amygdala,0.2203733140646179,4.488809375860498e-05,337
Animals_raw_x,Left-choroid-plexus,-0.22053976408825976,4.667202857946114e-05,335
BNT_totalwstim_T_x,Right-Putamen,0.22172973606467034,4.710878943125021e-05,331
Animals_T_x,superiorparietal,0.22215189459606788,4.932285525207051e-05,328
FAS_total_T_x,supramarginal_rh,0.22100439746973446,4.994711763328001e-05,331
FAS_total_T_x,parstriangularis,0.22027179912441314,5.297711533154821e-05,331
BNT_totalwstim_T_x,supramarginal_rh,0.22010241941011088,5.370192826684183e-05,331
Age_x,temporalpole_rh,-0.20374008041699515,5.777482833539086e-05,384
FAS_total_T_x,caudalanteriorcingulate,0.21907257354396256,5.831416374241696e-05,331
FAS_total_raw_x,inferiorparietal_rh,0.21678683827335332,6.002526690319143e-05,337
Animals_T_x,supramarginal_rh,0.2196320299136488,6.0306261494500724e-05,328
FAS_total_T_x,postcentral_rh,0.21845792003751263,6.124228226125619e-05,331
FAS_total_T_x,parstriangularis_rh,0.2182593860883188,6.221730363895201e-05,331
BNT_totalwstim_T_x,lateraloccipital,0.21818863518955886,6.256829051610697e-05,331
Age_x,superiorparietal_rh,-0.20278837125218588,6.266813486837687e-05,384
Animals_T_x,postcentral_rh,0.21913713452599987,6.271816428269471e-05,328
BNT_totalwstim_raw_x,supramarginal_rh,0.21615595704739124,6.314217796752085e-05,337
Animals_raw_x,Right-VentralDC,0.21674298513080584,6.33777320237154e-05,335
FAS_total_raw_x,fusiform_rh,0.2159687150292533,6.40962185374895e-05,337
BNT_totalwstim_raw_x,Left-Inf-Lat-Vent,-0.21583001244290875,6.48116797745876e-05,337
Age_x,insula_rh,-0.20224094392751393,6.565718609387035e-05,384
Animals_raw_x,CC_Anterior,0.21610682313931204,6.667689231507935e-05,335
BNT_totalwstim_raw_x,parsorbitalis,0.21524751251112476,6.789932120416692e-05,337
FAS_total_T_x,bankssts_rh,0.21650205447681803,7.15087846903009e-05,331
Animals_raw_x,superiorparietal_rh,0.21511788395845832,7.212852148609308e-05,335
BNT_totalwstim_raw_x,parsopercularis,0.21442771186096282,7.248021469508036e-05,337
BNT_totalwstim_T_x,superiorparietal,0.21632485737446844,7.251494184370195e-05,331
FAS_total_T_x,insula_rh,0.2160112063015229,7.432866372968577e-05,331
BNT_totalwstim_raw_x,precentral_rh,0.21409708159899415,7.440880608608552e-05,337
FAS_total_raw_x,Right-Caudate,0.21391401015114425,7.549735390536362e-05,337
Animals_raw_x,lingual,0.2139525586096918,7.90908636962981e-05,335
Age_x,cuneus_rh,-0.19975416631532056,8.100791746690951e-05,384
FAS_total_raw_x,superiorparietal,0.212455720492143,8.47194253324881e-05,337
BNT_totalwstim_raw_x,Left-Cerebellum-Cortex,0.21235733723084627,8.53782922490964e-05,337
Animals_T_x,parahippocampal,0.21496367239431485,8.699395268254716e-05,328
BNT_totalwstim_raw_x,isthmuscingulate,0.21191696851318614,8.838692809902067e-05,337
BNT_totalwstim_raw_x,postcentral,0.21182863662874452,8.900230327852343e-05,337
Animals_raw_x,superiorparietal,0.2118307035011744,9.342001023130944e-05,335
BNT_totalwstim_raw_x,lingual,0.21095842595647396,9.528392697542042e-05,337
FAS_total_T_x,parsorbitalis,0.2124190073399061,9.83847546247115e-05,331
Animals_raw_x,temporalpole_rh,0.21085029963554042,0.00010083497031182263,335
Edu_x,insula_rh,0.19861198712840716,0.00010129629666269877,378
FAS_total_raw_x,isthmuscingulate_rh,0.2096758065760831,0.00010530642558220985,337
Animals_T_x,lateralorbitofrontal_rh,0.21213722378357336,0.0001081879404652484,328
Edu_x,inferiortemporal_rh,0.19664097870402703,0.0001190317221386694,378
BNT_totalwstim_T_x,Right-VentralDC,0.20962815729189888,0.00012193765564113324,331
Edu_x,rostralmiddlefrontal_rh,0.1960394525634758,0.0001250003249249866,378
FAS_total_T_x,transversetemporal_rh,0.20905891724045966,0.0001273503652481861,331
Edu_x,parstriangularis,0.19576139244371482,0.00012785330685238878,378
FAS_total_T_x,parsopercularis_rh,0.20864837105961906,0.00013139314741388188,331
Animals_T_x,superiorparietal_rh,0.2093704340505342,0.00013355779175166873,328
Animals_raw_x,Right-choroid-plexus,-0.20707331703816803,0.00013489095062510728,335
Edu_x,precuneus,0.194969677826021,0.000136314956776449,378
Animals_raw_x,caudalanteriorcingulate,0.20656309802976708,0.00014024311902362138,335
FAS_total_T_x,inferiorparietal,0.20704918393617472,0.00014831709127504657,331
Animals_T_x,posteriorcingulate_rh,0.20783205383760928,0.00014997798665720587,328
FAS_total_raw_x,parsorbitalis_rh,0.20505566250780732,0.00015022772684387885,337
Edu_x,temporalpole,0.1937162145780815,0.00015079364657379345,378
BNT_totalwstim_raw_x,cuneus_rh,0.20465144557243414,0.00015491335022465322,337
Age_x,caudalanteriorcingulate_rh,-0.19187047741480723,0.00015505835582977829,384
BNT_totalwstim_T_x,Right-Hippocampus,0.2059635531260623,0.0001609479918970004,331
Edu_x,precentral,0.19263112623459303,0.00016447968357393656,378
Edu_x,superiorparietal,0.19224384312307632,0.000169640152206647,378
FAS_total_T_x,parahippocampal,0.20500760855136352,0.00017289743892656183,331
FAS_total_T_x,lingual_rh,0.2048430271857163,0.00017503671940877295,331
Edu_x,precentral_rh,0.19182232956804784,0.00017542891977708941,378
Animals_raw_x,Brain-Stem,0.20328044396457656,0.00017973310087435795,335
Age_x,caudalmiddlefrontal_rh,-0.18977460548292607,0.00018348495653331635,384
Age_x,rostralanteriorcingulate_rh,-0.18947242430685668,0.00018796491391840576,384
BNT_totalwstim_raw_x,rostralanteriorcingulate_rh,0.20173722545775358,0.000192971860727903,337
Edu_x,Right-Thalamus-Proper,0.19049194565445415,0.00019493618330730078,378
Edu_x,parsorbitalis,0.19028680411801996,0.00019811893471445604,378
BNT_totalwstim_raw_x,Right-Cerebellum-White-Matter,0.20115035584596436,0.00020162548398150814,337
Age_x,caudalanteriorcingulate,-0.1883586372090939,0.0002053770039301238,384
BNT_totalwstim_T_x,inferiorparietal,0.2022556956276817,0.00021209815315438856,331
Animals_T_x,Left-VentralDC,0.2026552496325301,0.00022019917416088295,328
Animals_raw_x,3rd-Ventricle,-0.20034323635121426,0.0002236700836285065,335
FAS_total_T_x,Right-Cerebellum-Cortex,0.2015064256891344,0.0002241291017973273,331
Edu_x,transversetemporal_rh,0.18865995440483757,0.00022513656737365047,378
BNT_totalwstim_raw_x,postcentral_rh,0.19895142922872153,0.0002373827413441954,337
BNT_totalwstim_T_x,parsorbitalis_rh,0.2004641251863417,0.00024192844638243368,331
FAS_total_T_x,precuneus,0.20039253536122892,0.00024319819832221707,331
FAS_total_raw_x,isthmuscingulate,0.19850548384023817,0.00024532190532568996,337
FAS_total_T_x,Left-Cerebellum-Cortex,0.19958842529747883,0.00025789428556141495,331
BNT_totalwstim_T_x,Right-Caudate,0.1995316081727264,0.00025896342924710034,331
Animals_T_x,insula,0.2001975379258742,0.0002633685606650604,328
Age_x,pericalcarine_rh,-0.185170855933726,0.0002639167173098744,384
Age_x,rostralanteriorcingulate,-0.18447738960255575,0.0002785635804739908,384
BNT_totalwstim_raw_x,Left-Putamen,0.19624337392527058,0.00028955578681811136,337
Edu_x,inferiorparietal,0.18528462660571704,0.0002925343785257918,378
BNT_totalwstim_raw_x,cuneus,0.19559971267580387,0.0003034397421113568,337
FAS_total_raw_x,Left-Inf-Lat-Vent,-0.1952719551319598,0.0003107457037412217,337
Animals_T_x,rostralanteriorcingulate_rh,0.1975516567085306,0.00031859412656586966,328
BNT_totalwstim_T_x,Brain-Stem,0.1966415400825056,0.0003191378379075978,331
BNT_totalwstim_T_x,transversetemporal,0.19662315282909415,0.0003195593406595751,331
FAS_total_raw_x,lingual,0.19452966202274602,0.00032790236684382824,337
FAS_total_raw_x,rostralanteriorcingulate_rh,0.1943222267289062,0.00033285226936313875,337
Edu_x,insula,0.18320484929757136,0.0003429865380953834,378
Animals_T_x,lateraloccipital_rh,0.19645362177448472,0.0003445368051099898,328
FAS_total_raw_x,paracentral_rh,0.19300966708372133,0.00036582237892282305,337
Edu_x,superiorfrontal,0.18217094344099505,0.0003709812710217348,378
Animals_T_x,rostralanteriorcingulate,0.19536445019611134,0.00037220221694137515,328
Animals_raw_x,parsorbitalis_rh,0.19326712967588094,0.0003740484704328879,335
BNT_totalwstim_T_x,Left-Caudate,0.19413637460955657,0.0003815937480916887,331
BNT_totalwstim_T_x,lateraloccipital_rh,0.19408405757328406,0.0003830117664031543,331
BNT_totalwstim_T_x,caudalanteriorcingulate,0.19363983803700335,0.00039525108606877575,331
FAS_total_T_x,Right-Amygdala,0.1932431542076001,0.0004064871624202481,331
FAS_total_T_x,isthmuscingulate_rh,0.193203461541121,0.00040762765507666287,331
FAS_total_T_x,parsorbitalis_rh,0.19303662157800006,0.0004124540949702935,331
BNT_totalwstim_T_x,inferiorparietal_rh,0.192982121232335,0.0004140421887026649,331
FAS_total_T_x,Left-Amygdala,0.19237441404965716,0.00043213954960362607,331
FAS_total_raw_x,CC_Mid_Anterior,0.1905541221097527,0.00043580615238783137,337
Animals_T_x,postcentral,0.19265570754553796,0.0004502199709374166,328
FAS_total_T_x,fusiform_rh,0.19015328601608655,0.0005047247474255671,331
Edu_x,medialorbitofrontal,0.17781134869733528,0.0005140701019417501,378
FAS_total_raw_x,superiorparietal_rh,0.18756352667555454,0.0005378082086251112,337
Animals_T_x,transversetemporal,0.18930526315827273,0.0005677076278723071,328
Edu_x,superiortemporal,0.17549154195617053,0.0006096598928023455,378
Edu_x,lingual_rh,0.17521241563979018,0.0006222112115030913,378
FAS_total_T_x,CC_Mid_Anterior,0.1867439898715903,0.0006384213370320528,331
Edu_x,rostralanteriorcingulate,0.17479725421991224,0.0006413230652149224,378
Animals_T_x,CC_Anterior,0.18734524801412653,0.0006490170154557629,328
Age_x,superiorparietal,-0.1724474876679566,0.0006895300204963742,384
BNT_totalwstim_T_x,bankssts_rh,0.18371684719093417,0.0007838934472623252,331
Age_x,CC_Anterior,-0.17050951786134141,0.0007936544131767656,384
Edu_x,Left-Lateral-Ventricle,0.17179577753852882,0.000796526971062175,378
FAS_total_T_x,entorhinal,0.1832525968866105,0.0008087381387020632,331
Edu_x,precuneus_rh,0.17097965090620443,0.0008443658047658305,378
BNT_totalwstim_T_x,parstriangularis,0.18260269070654456,0.0008447414419066638,331
Age_x,supramarginal_rh,-0.16924022524871846,0.000869535032421201,384
FAS_total_raw_x,Left-Pallidum,0.18052122451796493,0.000871563250325163,337
Edu_x,superiorparietal_rh,0.17043965159187976,0.0008774633302233429,378
BNT_totalwstim_raw_x,caudalmiddlefrontal_rh,0.18022089094284044,0.0008893507511001566,337
FAS_total_raw_x,lateraloccipital_rh,0.1800731783108615,0.0008982215059131554,337
FAS_total_T_x,superiorparietal,0.17972821924168433,0.001022426054478472,331
Edu_x,superiortemporal_rh,0.16768965334012406,0.0010653860185629491,378
FAS_total_raw_x,parahippocampal_rh,0.17684947527402384,0.0011133510295511498,337
Edu_x,transversetemporal,0.1666714387823568,0.0011439058093932542,378
Age_x,paracentral,-0.16536277970343116,0.0011447934327262037,384
FAS_total_T_x,Right-Hippocampus,0.1776730855648565,0.0011699174797466655,331
FAS_total_raw_x,lateraloccipital,0.175992457596596,0.0011780355652493593,337
FAS_total_T_x,inferiorparietal_rh,0.17727069912119228,0.001200993313226941,331
BNT_totalwstim_T_x,Right-Cerebellum-Cortex,0.17706108859938413,0.001217480302616614,331
Edu_x,fusiform_rh,0.16524132144540948,0.0012632063132691804,378
Age_x,temporalpole,-0.16330367609085517,0.0013216539644726171,384
Edu_x,parsopercularis_rh,0.1641897771254508,0.0013581122672253955,378
FAS_total_T_x,entorhinal_rh,0.17527313858364751,0.0013668046524346839,331
BNT_totalwstim_T_x,transversetemporal_rh,0.17506442562055252,0.0013852906237980683,331
BNT_totalwstim_T_x,parsopercularis_rh,0.17468854340072057,0.0014191629482097168,331
BNT_totalwstim_T_x,isthmuscingulate,0.1744199456364366,0.0014438312289250302,331
FAS_total_T_x,Left-Hippocampus,0.173820555332185,0.001500304641835673,331
Animals_T_x,3rd-Ventricle,-0.1746073092326011,0.0015003177424515212,328
FAS_total_raw_x,Left-Cerebellum-White-Matter,0.17225651679592177,0.0015023999427903113,337
Age_x,pericalcarine,-0.16118076481830385,0.0015299998866973045,384
BNT_totalwstim_T_x,parsopercularis,0.17346110228334483,0.0015351360705272163,331
Animals_T_x,Left-Caudate,0.17312526324819966,0.0016480827190509379,328
Animals_raw_x,caudalanteriorcingulate_rh,0.17114319770161335,0.001666817786838374,335
Animals_T_x,parsorbitalis_rh,0.1723474505153511,0.0017308587241493592,328
BNT_totalwstim_T_x,parsorbitalis,0.171073960191796,0.001785909666920459,331
Edu_x,caudalmiddlefrontal_rh,0.15962919344646645,0.0018503670692354137,378
BNT_totalwstim_T_x,Right-Cerebellum-White-Matter,0.1705065984537353,0.0018507800224557623,331
FAS_total_raw_x,CC_Central,0.16865583796081907,0.0018906591179799188,337
Animals_T_x,lingual_rh,0.1705774982521543,0.0019335870399518479,328
Animals_raw_x,Left-Cerebellum-Cortex,0.16844284608176113,0.001977302507456765,335
FAS_total_raw_x,Left-Accumbens-area,0.16794446497610446,0.0019774588926202994,337
Animals_raw_x,cuneus,0.1684287100509238,0.0019790584889495125,335
Animals_T_x,temporalpole_rh,0.16998984986842608,0.0020055514915540526,328
FAS_total_T_x,paracentral_rh,0.16892315732615487,0.0020433907491487903,331
BNT_totalwstim_T_x,precentral,0.16891275083269397,0.0020447150263253463,331
FAS_total_T_x,isthmuscingulate,0.1688635005260692,0.0020509930078307275,331
Edu_x,supramarginal_rh,0.15750035590739198,0.0021319632591401613,378
Edu_x,postcentral_rh,0.1574629559390227,0.002137242819463129,378
Animals_T_x,parsorbitalis,0.1686865539344089,0.0021739642439693313,328
Edu_x,Left-Thalamus-Proper,0.1570507578940295,0.0021962268282174928,378
Edu_x,caudalmiddlefrontal,0.15702172827785915,0.00220043635660701,378
Edu_x,postcentral,0.15699453076953174,0.0022043868961195445,378
Animals_raw_x,Left-Lateral-Ventricle,-0.16614369238900262,0.0022823766497776714,335
Animals_T_x,WM-hypointensities,-0.16709602576894947,0.002396934752072074,328
FAS_total_raw_x,caudalanteriorcingulate_rh,0.164836230211779,0.0024010666576216454,337
Animals_T_x,transversetemporal_rh,0.1670563129812882,0.0024027594511034627,328
FAS_total_raw_x,temporalpole,0.1645649158336409,0.002441712639323143,337
Animals_T_x,Left-Lateral-Ventricle,-0.16652604556959105,0.0024817796407253824,328
FAS_total_T_x,rostralanteriorcingulate_rh,0.1643236515771651,0.0027112791395642903,331
FAS_total_T_x,Left-Pallidum,0.16402988112407144,0.0027600348860490997,331
BNT_totalwstim_T_x,CC_Posterior,0.16396341071410014,0.0027711766894342707,331
Animals_raw_x,Right-Cerebellum-Cortex,0.16294689370539794,0.002778040851929244,335
Age_x,parsorbitalis_rh,-0.15202021607929067,0.0028206080436577845,384
Animals_raw_x,Right-Lateral-Ventricle,-0.1624877581589257,0.0028567620106979843,335
BNT_totalwstim_raw_x,Right-Inf-Lat-Vent,-0.16150162691661252,0.0029461398725866635,337
Edu_x,Right-Lateral-Ventricle,0.15127320453092397,0.003194943341709282,378
BNT_totalwstim_raw_x,paracentral_rh,0.16015986464984444,0.0031955277039689765,337
FAS_total_T_x,CC_Central,0.16143149437589066,0.003227261860387046,331
Animals_raw_x,CC_Central,0.16024573079196625,0.0032710769734760666,335
BNT_totalwstim_raw_x,paracentral,0.15960991689860302,0.0033031650499371684,337
Edu_x,supramarginal,0.1506732659498778,0.0033193565364980564,378
Animals_T_x,Right-Caudate,0.16166683565680512,0.003323984675909026,328
BNT_totalwstim_raw_x,WM-hypointensities,-0.15923136992675582,0.0033791544623203917,337
FAS_total_raw_x,paracentral,0.1590796547410207,0.003410051960162488,337
BNT_totalwstim_raw_x,posteriorcingulate,0.15861082441431282,0.0035071563394177053,337
BNT_totalwstim_raw_x,posteriorcingulate_rh,0.15847295653383142,0.0035361844402196077,337
BNT_totalwstim_T_x,Left-Cerebellum-White-Matter,0.15929597825850722,0.0036637505748659763,331
FAS_total_T_x,parahippocampal_rh,0.15922481246045514,0.003679175716095386,331
Edu_x,Left-Pallidum,0.14855358395913604,0.003794918663687285,378
Animals_T_x,Right-choroid-plexus,-0.15930748007214435,0.003819920463791265,328
Edu_x,frontalpole,0.14799123367488864,0.003931033041256816,378
Edu_x,parsopercularis,0.14792224452781658,0.003948032167890251,378
FAS_total_T_x,superiorparietal_rh,0.1579448203236239,0.003966836548944,331
BNT_totalwstim_T_x,Left-Cerebellum-Cortex,0.15793721637451308,0.0039686045425438585,331
Animals_T_x,Left-choroid-plexus,-0.15861529837931682,0.003977613014298322,328
Animals_T_x,lingual,0.15842151506866126,0.0040228026016400865,328
Edu_x,parsorbitalis_rh,0.14730494169837907,0.004103122212327208,378
Age_x,supramarginal,-0.14612691259260996,0.00411024927275961,384
Age_x,insula,-0.14580434309896395,0.004194240706884975,384
FAS_total_T_x,lingual,0.1568598968797896,0.004226410657684589,331
Edu_x,inferiorparietal_rh,0.14660799262512964,0.004284824620951242,378
Animals_T_x,Right-Lateral-Ventricle,-0.15725015465431347,0.004305976099915943,328
Edu_x,cuneus,0.1464862951038433,0.0043172876761493895,378
BNT_totalwstim_T_x,caudalmiddlefrontal_rh,0.15533198962320183,0.00461799234644727,331
Animals_T_x,caudalanteriorcingulate,0.154971076352692,0.004909022506835532,328
Age_x,Left-Pallidum,-0.14293508112005626,0.005012405486547114,384
FAS_total_raw_x,temporalpole_rh,0.15242553057642166,0.0050446670733047426,337
Animals_raw_x,paracentral_rh,0.15265820502359026,0.005108831111158505,335
FAS_total_raw_x,Right-Cerebellum-White-Matter,0.15215391229548292,0.005124342021934257,337
FAS_total_raw_x,CC_Anterior,0.15165155323923774,0.00527469026942236,337
FAS_total_T_x,Left-Inf-Lat-Vent,-0.1528904099491715,0.005311962059076027,331
Age_x,paracentral_rh,-0.1419195978156123,0.00533474796948259,384
FAS_total_T_x,Left-Accumbens-area,0.151959319003487,0.005600388971288783,331
Edu_x,cuneus_rh,0.14208980066795915,0.005649727258245187,378
Edu_x,Brain-Stem,0.14197152679309882,0.005690193891434499,378
Age_x,cuneus,-0.14066963074470556,0.005757057531020035,384
FAS_total_T_x,Left-Cerebellum-White-Matter,0.15090569323569253,0.005943675169255149,331
Edu_x,Right-Inf-Lat-Vent,0.14031194454765014,0.006286119846225044,378
BNT_totalwstim_raw_x,isthmuscingulate_rh,0.14816817834079157,0.006430999383310456,337
Edu_x,inferiortemporal,0.13919825712928985,0.006716801219497832,378
Animals_raw_x,Left-Cerebellum-White-Matter,0.14766286131837278,0.0067806520516782475,335
Animals_T_x,Right-VentralDC,0.14740974860440284,0.007492207915046273,328
BNT_totalwstim_T_x,lingual_rh,0.14650246959927768,0.007591564631073013,331
Edu_x,middletemporal,0.13692314083828,0.007679622390969681,378
Edu_x,isthmuscingulate,0.13614496985992702,0.00803617148157372,378
Animals_T_x,Brain-Stem,0.14562990139085402,0.008254049458519614,328
FAS_total_T_x,temporalpole,0.1448782892821032,0.008295508113001402,331
Age_x,CC_Central,-0.13385658730493966,0.008631354942136129,384
BNT_totalwstim_T_x,precentral_rh,0.14349773559615947,0.008938959618564397,331
BNT_totalwstim_T_x,paracentral,0.14300367441609993,0.009179793724723512,331
Edu_x,posteriorcingulate,0.13264468924522044,0.009829105196553393,378
BNT_totalwstim_raw_x,pericalcarine,0.13951547105844814,0.010341395259050645,337
BNT_totalwstim_T_x,rostralanteriorcingulate_rh,0.14037778205173126,0.010559091177110333,331
Animals_T_x,CC_Central,0.14036480103357157,0.010927104023516468,328
FAS_total_T_x,Right-Cerebellum-White-Matter,0.1392286792441292,0.011218322721267973,331
Edu_x,4th-Ventricle,0.13004841529598643,0.01137986597068335,378
Animals_raw_x,paracentral,0.13802742104692334,0.011439135598976986,335
Edu_x,parstriangularis_rh,0.12995452433319263,0.011439790819388932,378
FAS_total_T_x,CC_Anterior,0.13876686299630725,0.01149334835565903,331
Animals_raw_x,cuneus_rh,0.13709922276261066,0.012011033140252968,335
BNT_totalwstim_raw_x,CC_Posterior,0.1360566400139983,0.012418509474928457,337
FAS_total_T_x,temporalpole_rh,0.13696062938065845,0.012627065452639058,331
FAS_total_T_x,lateraloccipital_rh,0.13683381114849666,0.012710247271064415,331
Edu_x,paracentral,0.1278271068399811,0.012874454418872618,378
BNT_totalwstim_raw_x,pericalcarine_rh,0.1349615205578269,0.013148786233593918,337
FAS_total_T_x,paracentral,0.13592629552366436,0.013319717234346827,331
FAS_total_raw_x,cuneus,0.13389234285060514,0.01389796911245215,337
Animals_raw_x,Left-Caudate,0.13295295665357662,0.014885081246708677,335
BNT_totalwstim_T_x,posteriorcingulate,0.13292554241795754,0.015521889204798855,331
Animals_raw_x,Right-Cerebellum-White-Matter,0.13155177156282763,0.01598436428901563,335
FAS_total_T_x,Left-Lateral-Ventricle,-0.13162306330096246,0.016573014950408436,331
FAS_total_T_x,CSF,-0.1314345020249781,0.01673023241623342,331
BNT_totalwstim_raw_x,Right-Caudate,0.129986420473862,0.016963167463207002,337
BNT_totalwstim_T_x,cuneus,0.1311192622448824,0.016995983123177207,331
Edu_x,Right-VentralDC,0.12263443113246637,0.017060580244117763,378
Edu_x,posteriorcingulate_rh,0.12247050979083551,0.01721016289400549,378
Animals_raw_x,Right-Caudate,0.13003402746461248,0.01725464584224556,335
FAS_total_T_x,caudalanteriorcingulate_rh,0.13043525216370885,0.017585322545214877,331
FAS_total_raw_x,CC_Posterior,0.1290030739113709,0.017822243948098598,337
FAS_total_raw_x,Right-Pallidum,0.12778446565194726,0.01893931623971829,337
Animals_T_x,cuneus,0.12937608189996158,0.019077416031408726,328
FAS_total_raw_x,Left-Lateral-Ventricle,-0.12661027891985926,0.02007283622435188,337
FAS_total_raw_x,cuneus_rh,0.12627305811079545,0.02040908333663473,337
BNT_totalwstim_T_x,cuneus_rh,0.12668096145033775,0.021147862759994418,331
FAS_total_raw_x,Right-Inf-Lat-Vent,-0.12387983717893084,0.02293897523504474,337
FAS_total_T_x,CC_Posterior,0.12454654152348213,0.023440108083819328,331
Edu_x,pericalcarine_rh,0.11638597226773534,0.023635480269113145,378
Edu_x,Right-Caudate,0.11438480289119882,0.02615967934024481,378
BNT_totalwstim_raw_x,CC_Central,0.12099613097065026,0.026343710893243402,337
FAS_total_raw_x,CSF,-0.12082337046064379,0.02656081491976691,337
FAS_total_T_x,Right-Pallidum,0.12181549538196412,0.02668370782109721,331
FAS_total_raw_x,Left-choroid-plexus,-0.12045194979862979,0.027032785348753648,337
Edu_x,middletemporal_rh,0.1132200826502231,0.02773309177769699,378
FAS_total_raw_x,frontalpole,0.11801334446006266,0.030314114413918482,337
Animals_raw_x,temporalpole,0.11636311708942712,0.03324833270965323,335
BNT_totalwstim_raw_x,CC_Mid_Anterior,0.11596220523407288,0.03333230062863546,337
Animals_T_x,paracentral_rh,0.11738891059291523,0.033566570307785905,328
BNT_totalwstim_T_x,paracentral_rh,0.11640296998493008,0.03426356051529592,331
FAS_total_T_x,lateraloccipital,0.115469843942797,0.0357401812373985,331
Age_x,Right-Pallidum,-0.10622511767843613,0.03746295372208535,384
Animals_T_x,Left-Cerebellum-White-Matter,0.11249116255805544,0.041751317177653846,328
BNT_totalwstim_T_x,postcentral,0.11196489923880103,0.04177829425317717,331
Edu_x,caudalanteriorcingulate_rh,0.10447780139149898,0.04234514302549675,378
Edu_x,caudalanteriorcingulate,0.1040563658744664,0.043188919989637635,378
BNT_totalwstim_T_x,CC_Central,0.11089811708710283,0.04377857358388436,331
FAS_total_T_x,cuneus,0.11083461799904676,0.043900134399819185,331
Edu_x,Right-Amygdala,0.103283865919429,0.04477233568307259,378
FAS_total_raw_x,WM-hypointensities,-0.10871057430066303,0.04613462215085729,337
Animals_raw_x,pericalcarine,0.1085217303654301,0.047176220696675195,335
Animals_raw_x,CC_Posterior,0.1082828357918112,0.047667610232952864,335
Animals_T_x,caudalanteriorcingulate_rh,0.10893528655256339,0.0486964255475625,328
FAS_total_T_x,frontalpole,0.10825241171547731,0.04908924279735468,331
BNT_totalwstim_raw_x,caudalanteriorcingulate_rh,0.10655564208566876,0.05065380452376237,337
Age_x,frontalpole,-0.09950504226387555,0.05137026440473353,384
BNT_totalwstim_raw_x,frontalpole,0.10531111223859373,0.05342794087919163,337
FAS_total_raw_x,3rd-Ventricle,-0.10529490413022086,0.05346488675817036,337
BNT_totalwstim_T_x,isthmuscingulate_rh,0.10616328367009603,0.053653783480384035,331
Animals_T_x,CC_Posterior,0.10644821440632216,0.05410753708805057,328
Edu_x,Left-VentralDC,0.09910419392764983,0.054208587276925235,378
Edu_x,Left-Amygdala,0.09878369650658043,0.054995789062576156,378
Edu_x,rostralanteriorcingulate_rh,0.09794471895713339,0.05710152388668243,378
BNT_totalwstim_T_x,Left-Inf-Lat-Vent,-0.10446585273885242,0.0576174234730928,331
Animals_T_x,Right-Cerebellum-Cortex,0.10312511293343032,0.06210832020678858,328
Edu_x,Right-Hippocampus,0.09597157161648054,0.06231810848023924,378
BNT_totalwstim_T_x,non-WM-hypointensities,-0.1023156645406248,0.06298312297620366,331
Edu_x,Right-choroid-plexus,0.0954817228696216,0.06367229075183156,378
BNT_totalwstim_T_x,postcentral_rh,0.10190687581575811,0.06404837269330813,331
BNT_totalwstim_T_x,CC_Mid_Anterior,0.10167926942735253,0.06464787485643135,331
FAS_total_raw_x,non-WM-hypointensities,-0.10021268540912351,0.0661430566943678,337
Edu_x,pericalcarine,0.09452678727287807,0.06638181174299289,378
Edu_x,isthmuscingulate_rh,0.0943604046912533,0.06686344455576003,378
Edu_x,Left-Hippocampus,0.0941950072183007,0.06734506226615812,378
FAS_total_T_x,cuneus_rh,0.10065724187663358,0.06739691628394028,331
Edu_x,entorhinal,0.09335089284785741,0.06984749898740324,378
Animals_raw_x,CSF,-0.09871073572648457,0.07117503535178678,335
BNT_totalwstim_T_x,lingual,0.09725602409207464,0.07724240086617545,331
FAS_total_raw_x,Right-choroid-plexus,-0.0963080721562831,0.07747670948397685,337
BNT_totalwstim_raw_x,Left-Caudate,0.09626257689409624,0.07761750904269986,337
Edu_x,Left-Inf-Lat-Vent,0.09082936033545058,0.07777858315480596,378
FAS_total_T_x,Right-Inf-Lat-Vent,-0.09659649495140403,0.07928039645182175,331
Animals_T_x,paracentral,0.09695424464053785,0.07954274405049626,328
Animals_T_x,Right-Cerebellum-White-Matter,0.09681389959797002,0.07998117247695527,328
Age_x,non-WM-hypointensities,0.08944063434751404,0.08003772991022438,384
Edu_x,temporalpole_rh,0.09000851501720276,0.08051273565473889,378
BNT_totalwstim_T_x,CC_Mid_Posterior,0.0960318739634172,0.0810595050170544,331
Animals_T_x,Left-Cerebellum-Cortex,0.09552939507033772,0.08408533156013343,328
BNT_totalwstim_T_x,frontalpole,0.09484462372244272,0.08490575712772355,331
Edu_x,parahippocampal,0.08833049606084914,0.08634393438482693,378
FAS_total_T_x,Left-choroid-plexus,-0.09434379224861161,0.08657172348576486,331
FAS_total_raw_x,pericalcarine,0.09290555266228434,0.08859295008030144,337
BNT_totalwstim_T_x,posteriorcingulate_rh,0.09302219776695726,0.09109424317967539,331
FAS_total_T_x,3rd-Ventricle,-0.09290306402982092,0.09151104401823054,331
Edu_x,CC_Posterior,0.08690562246220374,0.0915579882889612,378
BNT_totalwstim_raw_x,CC_Mid_Posterior,0.09186204330950631,0.09224762750640551,337
Animals_raw_x,frontalpole,0.0918977977852944,0.09309864755923258,335
BNT_totalwstim_T_x,Right-choroid-plexus,0.092029630014386,0.09461362475664055,331
Animals_T_x,cuneus_rh,0.09225467415419272,0.09531902136962155,328
BNT_totalwstim_T_x,pericalcarine_rh,0.0905818940110944,0.09994046178268348,331
BNT_totalwstim_T_x,pericalcarine,0.08913082824277799,0.10551572277288233,331
FAS_total_T_x,pericalcarine,0.0884416192418586,0.10824845214698581,331
Animals_raw_x,Optic-Chiasm,-0.08716682881492263,0.11127597993803011,335
Animals_T_x,pericalcarine,0.0879159358483507,0.11200953221530065,328
FAS_total_T_x,non-WM-hypointensities,-0.08725652829597713,0.11307739606325658,331
BNT_totalwstim_T_x,Left-Pallidum,0.08723938369720446,0.11314847591701042,331
BNT_totalwstim_T_x,Right-Lateral-Ventricle,0.0870691743202798,0.11385604997574844,331
FAS_total_raw_x,pericalcarine_rh,0.08622193702370606,0.11413280758323574,337
Animals_raw_x,Left-Pallidum,0.08585300307159666,0.11678977747676829,335
Animals_T_x,frontalpole,0.08638557232266562,0.11841604293243012,328
Edu_x,CC_Anterior,0.08040132026071468,0.11863457100079412,378
Edu_x,bankssts_rh,0.07986409635916766,0.12112476000964133,378
Edu_x,entorhinal_rh,0.07936140877984499,0.12349157143688548,378
Edu_x,Left-Cerebellum-White-Matter,0.07886188828313062,0.1258789382757398,378
FAS_total_T_x,Right-Lateral-Ventricle,-0.08419134243071749,0.12635177466107964,331
FAS_total_raw_x,Right-Lateral-Ventricle,-0.08227850156293692,0.13171398407797608,337
Edu_x,CC_Mid_Posterior,0.07662499599628635,0.13701133434592533,378
Edu_x,3rd-Ventricle,0.07631696260066106,0.13860182490018302,378
Edu_x,Right-Pallidum,0.07617291896291459,0.1393504194497473,378
Animals_T_x,CSF,-0.08176065372011043,0.1395228611315296,328
Edu_x,CSF,0.0757965522715306,0.14132102810728256,378
Age_x,4th-Ventricle,0.07505707863379782,0.1420800849452214,384
Edu_x,Left-Caudate,0.0751419715601582,0.14479904355700482,378
Edu_x,CC_Central,0.07459904323175562,0.14773305482536653,378
BNT_totalwstim_raw_x,non-WM-hypointensities,-0.077525807576569,0.1555975758521309,337
Animals_raw_x,Right-Pallidum,0.07772678650385788,0.1557636279214223,335
BNT_totalwstim_T_x,frontalpole_rh,0.07547095590273784,0.17073882592128903,331
FAS_total_T_x,pericalcarine_rh,0.07504330534078568,0.17318223507888775,331
Animals_T_x,Optic-Chiasm,-0.07527967856983728,0.17379870336163222,328
Animals_raw_x,Left-vessel,-0.07176240864372448,0.1901118983411878,335
FAS_total_raw_x,CC_Mid_Posterior,0.07117813611795482,0.19241921982922414,337
BNT_totalwstim_raw_x,Right-Pallidum,0.06903817055082288,0.20616823354689817,337
BNT_totalwstim_T_x,Right-Inf-Lat-Vent,-0.06921301157715726,0.20912925050235467,331
Animals_T_x,Right-Pallidum,0.06894701680602783,0.21298511755055974,328
Animals_raw_x,pericalcarine_rh,0.06770988364334449,0.21642839823078994,335
BNT_totalwstim_T_x,Left-Lateral-Ventricle,0.06757392715134451,0.2201418719231173,331
FAS_total_T_x,Right-choroid-plexus,-0.0671902829763896,0.22277823816820197,331
FAS_total_T_x,WM-hypointensities,-0.06481465835121027,0.2396047440265262,331
Edu_x,frontalpole_rh,0.06060305490231332,0.2398201610589382,378
Edu_x,bankssts,0.06047379465135328,0.24082599358164136,378
BNT_totalwstim_raw_x,Left-Pallidum,0.0633594862976774,0.24606113589274914,337
Animals_T_x,temporalpole,0.06137363395219972,0.2677212875778313,328
Edu_x,Right-Putamen,0.053076533678823215,0.30336985876537204,378
Edu_x,Right-Accumbens-area,0.05301949916695114,0.30389047742940223,378
BNT_totalwstim_raw_x,3rd-Ventricle,-0.05417930396549174,0.321376662495342,337
FAS_total_T_x,CC_Mid_Posterior,0.05342064576393822,0.332585725922961,331
BNT_totalwstim_T_x,Right-Pallidum,0.053076939953813344,0.3357101700678479,331
Edu_x,Left-choroid-plexus,0.049613762069792955,0.33604978046051864,378
Edu_x,Optic-Chiasm,0.04882210038940721,0.3438268296996096,378
Age_x,CC_Mid_Posterior,-0.04712827091270738,0.3570385137178728,384
FAS_total_raw_x,Left-vessel,-0.04765595469582761,0.3831581343258364,337
Animals_T_x,4th-Ventricle,0.04771816545732438,0.38901543165339864,328
Animals_T_x,Left-Pallidum,0.047040413931763364,0.39579455847854206,328
Animals_T_x,5th-Ventricle,-0.045276834816782435,0.41376438796986054,328
Animals_raw_x,CC_Mid_Posterior,0.04463020669259606,0.4155192526629745,335
Animals_raw_x,frontalpole_rh,0.041877413564311475,0.4448953825524322,335
Animals_raw_x,non-WM-hypointensities,-0.04081940704994269,0.4564919930644672,335
Edu_x,Right-Cerebellum-White-Matter,0.037349116990078535,0.46906725710162495,378
BNT_totalwstim_T_x,4th-Ventricle,0.039894220242565795,0.46946243398020615,331
Edu_x,WM-hypointensities,0.037290674207780476,0.46976354004275495,378
Animals_T_x,frontalpole_rh,0.039546908378749024,0.47536945515698487,328
Age_x,5th-Ventricle,0.036523022809871644,0.4754702150383098,384
Animals_raw_x,4th-Ventricle,0.03880918297268783,0.47898475465084356,335
BNT_totalwstim_T_x,WM-hypointensities,-0.03887072479280754,0.4809459463755644,331
FAS_total_T_x,Left-vessel,-0.038524132078111145,0.48486891474726534,331
BNT_totalwstim_raw_x,Optic-Chiasm,-0.037622914199400385,0.4912371598305414,337
Animals_raw_x,Right-vessel,-0.036118113778766184,0.5100151561962437,335
Animals_T_x,CC_Mid_Posterior,0.03605301964985773,0.5152616095428857,328
Edu_x,non-WM-hypointensities,-0.03221171424529397,0.5323943426286143,378
Animals_T_x,Left-vessel,-0.03410654124693429,0.5382135586686152,328
Animals_raw_x,5th-Ventricle,-0.032705365960168986,0.5508221272332112,335
Animals_T_x,Right-vessel,-0.032398882395334755,0.5587614637889208,328
BNT_totalwstim_raw_x,Right-Lateral-Ventricle,0.031562877703572925,0.5636635712719945,337
FAS_total_T_x,Right-vessel,0.030923388554293864,0.5750651338690617,331
BNT_totalwstim_T_x,caudalanteriorcingulate_rh,0.030644867922448405,0.5785145241423172,331
FAS_total_raw_x,Optic-Chiasm,-0.02916896194814042,0.593621802785856,337
Edu_x,Right-vessel,0.027397438141959315,0.5954169674970151,378
BNT_totalwstim_T_x,3rd-Ventricle,-0.026643894055017874,0.6290991915755655,331
Edu_x,parahippocampal_rh,0.023729404297067012,0.6455957888734833,378
Age_x,frontalpole_rh,0.023409987295806074,0.6474501611132878,384
BNT_totalwstim_raw_x,Left-choroid-plexus,-0.024988780958238692,0.6475991818433678,337
BNT_totalwstim_raw_x,frontalpole_rh,0.02278093998870051,0.6768958778172072,337
Age_x,Right-Caudate,0.0211629813692949,0.6793118441350029,384
Animals_T_x,pericalcarine_rh,0.021426768410909992,0.699038880238635,328
Edu_x,Left-vessel,-0.01912997034685465,0.7108377042642838,378
Animals_T_x,non-WM-hypointensities,-0.019172885583600537,0.729386381942997,328
BNT_totalwstim_raw_x,Left-Lateral-Ventricle,0.018840034834301897,0.7303931458542856,337
BNT_totalwstim_T_x,Optic-Chiasm,-0.017791049608414898,0.747088466407547,331
BNT_totalwstim_T_x,Left-choroid-plexus,0.016507591280957724,0.7647771184129357,331
BNT_totalwstim_T_x,CSF,-0.015740996606132658,0.7754015783287023,331
Age_x,Right-vessel,0.014508841660524262,0.7768686201827568,384
FAS_total_T_x,Optic-Chiasm,-0.014860673373369812,0.7876539482937404,331
FAS_total_raw_x,Right-vessel,0.01396678605481897,0.7983709854504062,337
Edu_x,CC_Mid_Anterior,0.013163107600594505,0.7986585873655029,378
BNT_totalwstim_raw_x,Right-choroid-plexus,0.013877927847041106,0.7996264906391588,337
Age_x,CC_Posterior,-0.012982702717983671,0.7998128860465444,384
Age_x,Optic-Chiasm,0.010438044489940346,0.8384458771689529,384
BNT_totalwstim_raw_x,Left-vessel,-0.010980059640829903,0.8408360211431927,337
Age_x,Left-Caudate,0.01012753234247004,0.8431887352656852,384
FAS_total_raw_x,5th-Ventricle,0.009138967023937183,0.8672525993024268,337
BNT_totalwstim_raw_x,4th-Ventricle,0.008257264067546316,0.879957904802711,337
Age_x,Left-vessel,-0.005965422611950488,0.9072421240435791,384
BNT_totalwstim_raw_x,Right-vessel,-0.006292213902662644,0.9083804041525918,337
BNT_totalwstim_T_x,5th-Ventricle,0.005951134070786599,0.9141045598445018,331
FAS_total_raw_x,4th-Ventricle,0.005528738568303517,0.919456936008587,337
FAS_total_T_x,4th-Ventricle,-0.004489563652735161,0.9351462247260106,331
FAS_total_raw_x,frontalpole_rh,0.004011283159367286,0.9415164145912258,337
BNT_totalwstim_raw_x,5th-Ventricle,0.0037699877869830116,0.9450287213594873,337
FAS_total_T_x,frontalpole_rh,0.0037399405645633307,0.9459567152890606,331
Edu_x,Left-Putamen,0.0032130738714860746,0.9503537409331282,378
Edu_x,Left-Accumbens-area,0.0021700812092471516,0.9664576302838342,378
BNT_totalwstim_T_x,Right-vessel,-0.001882961266837322,0.9727751514021615,331
BNT_totalwstim_raw_x,CSF,0.0012127732747135543,0.982303697533924,337
Edu_x,5th-Ventricle,-0.000984903722651094,0.9847730562152678,378
FAS_total_T_x,5th-Ventricle,-0.00029854904507470303,0.9956826070629484,331
BNT_totalwstim_T_x,Left-vessel,4.888554524732497e-05,0.9992930504752278,331
